timestamp,height
1775687183.830016,1159
1775687189.350144,1160
1775687194.825323,1160
1775687200.360173,1161
1775687205.839193,1161
1775687211.368264,1162
1775687216.825321,1162
1775687222.28402,1162
1775687227.7278998,1163
1775687233.154432,1163
1775687238.633889,1164
1775687244.131764,1164
1775687249.646268,1165
1775687255.1720908,1165
1775687260.6521149,1166
1775687266.0998871,1166
1775687271.551785,1167
1775687277.003526,1167
1775687282.428395,1167
1775687287.914782,1168
1775687293.382623,1168
1775687298.814247,1169
1775687304.245436,1169
1775687309.669194,1170
1775687315.182262,1170
1775687320.6438138,1171
1775687326.190901,1171
1775687331.648708,1172
1775687337.074767,1172
1775687342.553139,1172
1775687348.008406,1173
1775687353.4560351,1173
1775687358.996474,1174
1775687364.462791,1174
